{"cameraMode":{"drawMode":0,"name":"Shaded","section":"Shading Mode"},"sceneLighting":true,"audioPlay":false,"sceneViewState":{"showFog":true,"showMaterialUpdate":false,"showSkybox":true,"showFlares":true,"showImageEffects":true,"showParticleSystems":true},"in2DMode":false,"pivot":{"x":8.507874488830567,"y":0.9105048179626465,"z":-31.455936431884767},"rotation":{"x":0.0381317138671875,"y":0.9376598596572876,"z":-0.10907816886901856,"w":0.3277866840362549},"size":27.465927124023439,"orthographic":false}