{"cameraMode":{"drawMode":0,"name":"Shaded","section":"Shading Mode"},"sceneLighting":true,"audioPlay":false,"sceneViewState":{"showFog":true,"showMaterialUpdate":false,"showSkybox":true,"showFlares":true,"showImageEffects":true,"showParticleSystems":true},"in2DMode":false,"pivot":{"x":-5.433852195739746,"y":3.8504104614257814,"z":0.46903374791145327},"rotation":{"x":0.0005440355744212866,"y":0.986365556716919,"z":-0.16455742716789246,"w":0.0032555535435676576},"size":5.092442035675049,"orthographic":false}